pubID,trial,pseudogroup,weeks,v_mutation_aa_heavy
G002-119,G002,G002,4,0.0
G002-119,G002,G002,8,0.020408162847161293
G002-136,G002,G002,4,0.0
G002-136,G002,G002,8,0.040816325694322586
G002-145,G002,G002,4,0.0
G002-145,G002,G002,8,0.020408162847161293
G002-230,G002,G002,4,0.010204081423580647
G002-230,G002,G002,8,0.030612245202064514
G002-254,G002,G002,4,0.010204081423580647
G002-278,G002,G002,4,0.0
G002-278,G002,G002,8,0.030612245202064514
G002-278,G002,G002,16,0.051283400505781174
G002-293,G002,G002,4,0.010204081423580647
G002-293,G002,G002,8,0.030612245202064514
G002-302,G002,G002,4,0.0
G002-302,G002,G002,8,0.0
G002-302,G002,G002,16,0.0714285746216774
G002-302,G002,G002,24,0.0824742242693901
G002-304,G002,G002,4,0.0
G002-304,G002,G002,8,0.030927835032343864
G002-304,G002,G002,16,0.0714285746216774
G002-341,G002,G002,4,0.0
G002-341,G002,G002,8,0.0
G002-427,G002,G002,4,0.0
G002-427,G002,G002,8,0.040816325694322586
G002-427,G002,G002,16,0.051020409911870956
G002-462,G002,G002,4,0.0
G002-462,G002,G002,8,0.040816325694322586
G002-462,G002,G002,16,0.051020409911870956
G002-477,G002,G002,4,0.005102040711790323
G002-477,G002,G002,8,0.030927835032343864
G002-477,G002,G002,16,0.0714285746216774
G002-479,G002,G002,4,0.0
G002-479,G002,G002,8,0.02051335945725441
G002-480,G002,G002,8,0.02561540063470602
G002-493,G002,G002,4,0.0
G002-493,G002,G002,8,0.0
G002-502,G002,G002,4,0.0
G002-502,G002,G002,8,0.030612245202064514
G002-502,G002,G002,24,0.09183673560619354
G002-509,G002,G002,8,0.020408162847161293
G002-509,G002,G002,24,0.0824742242693901
G002-516,G002,G002,4,0.0
G002-516,G002,G002,8,0.005102040711790323
G002-516,G002,G002,16,0.030612245202064514
G002-546,G002,G002,4,0.0
G002-546,G002,G002,8,0.030612245202064514
G002-546,G002,G002,16,0.051020409911870956
G002-546,G002,G002,24,0.07216494530439377
G002-577,G002,G002,4,0.0
G002-577,G002,G002,8,0.020408162847161293
G002-595,G002,G002,4,0.0
G002-595,G002,G002,8,0.020408162847161293
G002-595,G002,G002,16,0.051020409911870956
G002-616,G002,G002,4,0.0
G002-616,G002,G002,8,0.030612245202064514
G002-616,G002,G002,16,0.0714285746216774
G002-616,G002,G002,24,0.08163265138864517
G002-619,G002,G002,4,0.0
G002-619,G002,G002,8,0.030612245202064514
G002-619,G002,G002,16,0.06122449040412903
G002-619,G002,G002,24,0.08163265138864517
G002-620,G002,G002,4,0.0
G002-620,G002,G002,8,0.02051335945725441
G002-630,G002,G002,4,0.0
G002-630,G002,G002,8,0.010204081423580647
G002-632,G002,G002,4,0.010204081423580647
G002-632,G002,G002,8,0.040816325694322586
G002-632,G002,G002,16,0.0714285746216774
G002-678,G002,G002,4,0.0
G002-678,G002,G002,8,0.030612245202064514
G002-678,G002,G002,16,0.06122449040412903
G002-678,G002,G002,24,0.07216494530439377
G002-689,G002,G002,4,0.0
G002-733,G002,G002,4,0.010309278033673763
G002-733,G002,G002,8,0.020408162847161293
G002-758,G002,G002,4,0.0
G002-758,G002,G002,8,0.02561540063470602
G002-758,G002,G002,16,0.06185567006468773
G002-758,G002,G002,24,0.0714285746216774
G002-796,G002,G002,4,0.0
G002-796,G002,G002,8,0.030612245202064514
G002-796,G002,G002,16,0.06122449040412903
G002-810,G002,G002,4,0.005102040711790323
G002-810,G002,G002,8,0.030612245202064514
G002-810,G002,G002,16,0.051020409911870956
G002-813,G002,G002,4,0.0
G002-813,G002,G002,8,0.020618556067347527
G002-813,G002,G002,16,0.0714285746216774
G002-813,G002,G002,24,0.08163265138864517
G002-820,G002,G002,4,0.0
G002-820,G002,G002,8,0.010309278033673763
G002-825,G002,G002,4,0.0
G002-825,G002,G002,16,0.06122449040412903
G002-831,G002,G002,4,0.0
G002-831,G002,G002,8,0.020618556067347527
G002-834,G002,G002,4,0.0
G002-834,G002,G002,8,0.030612245202064514
G002-834,G002,G002,16,0.04123711213469505
G002-834,G002,G002,24,0.09183673560619354
G002-852,G002,G002,4,0.0
G002-852,G002,G002,8,0.030612245202064514
G002-852,G002,G002,16,0.05154639109969139
G002-852,G002,G002,24,0.08163265138864517
G002-855,G002,G002,4,0.0
G002-855,G002,G002,8,0.051020409911870956
G002-866,G002,G002,4,0.010204081423580647
G002-866,G002,G002,8,0.040816325694322586
G002-866,G002,G002,16,0.06122449040412903
G002-884,G002,G002,4,0.0
G002-884,G002,G002,8,0.030612245202064514
G002-884,G002,G002,16,0.06185567006468773
G002-905,G002,G002,4,0.0
G002-905,G002,G002,8,0.010204081423580647
G002-905,G002,G002,16,0.04123711213469505
G002-905,G002,G002,24,0.07216494530439377
G002-931,G002,G002,4,0.0
G002-931,G002,G002,8,0.030612245202064514
G002-931,G002,G002,16,0.06122449040412903
G002-943,G002,G002,4,0.0
G002-943,G002,G002,8,0.010204081423580647
G002-947,G002,G002,4,0.0
G002-947,G002,G002,8,0.030612245202064514
G002-957,G002,G002,4,0.0
G002-957,G002,G002,8,0.035872080363333225
G002-988,G002,G002,4,0.030612245202064514
G002-988,G002,G002,8,0.051020409911870956
G002-988,G002,G002,16,0.0714285746216774
G002-997,G002,G002,4,0.0
G002-997,G002,G002,8,0.020408162847161293
G002-997,G002,G002,16,0.0714285746216774
G003-135,G003,G003,16,0.0714285746216774
G003-210,G003,G003,8,0.04123711213469505
G003-210,G003,G003,10,0.06122449040412903
G003-210,G003,G003,16,0.06185567006468773
G003-210,G003,G003,21,0.08163265138864517
G003-243,G003,G003,8,0.02051335945725441
G003-243,G003,G003,10,0.030612245202064514
G003-243,G003,G003,16,0.06122449040412903
G003-243,G003,G003,21,0.06154008023440838
G003-291,G003,G003,8,0.04591836780309677
G003-291,G003,G003,10,0.035872080363333225
G003-291,G003,G003,16,0.05154639109969139
G003-291,G003,G003,21,0.06185567006468773
G003-396,G003,G003,8,0.02051335945725441
G003-396,G003,G003,10,0.035872080363333225
G003-396,G003,G003,16,0.06122449040412903
G003-396,G003,G003,21,0.0714285746216774
G003-434,G003,G003,8,0.030612245202064514
G003-434,G003,G003,10,0.040816325694322586
G003-434,G003,G003,16,0.06122449040412903
G003-434,G003,G003,21,0.07216494530439377
G003-516,G003,G003,8,0.020618556067347527
G003-516,G003,G003,10,0.030612245202064514
G003-516,G003,G003,16,0.04123711213469505
G003-516,G003,G003,21,0.051020409911870956
G003-550,G003,G003,8,0.030612245202064514
G003-550,G003,G003,10,0.04123711213469505
G003-550,G003,G003,16,0.051020409911870956
G003-550,G003,G003,21,0.06122449040412903
G003-611,G003,G003,8,0.020408162847161293
G003-611,G003,G003,10,0.040816325694322586
G003-611,G003,G003,16,0.05154639109969139
G003-611,G003,G003,21,0.07727465778589249
G003-622,G003,G003,8,0.030927835032343864
G003-622,G003,G003,10,0.051020409911870956
G003-622,G003,G003,16,0.06122449040412903
G003-622,G003,G003,21,0.08163265138864517
G003-630,G003,G003,8,0.040816325694322586
G003-630,G003,G003,10,0.030927835032343864
G003-630,G003,G003,16,0.06185567006468773
G003-630,G003,G003,21,0.09183673560619354
G003-710,G003,G003,8,0.030927835032343864
G003-710,G003,G003,10,0.040816325694322586
G003-710,G003,G003,16,0.06122449040412903
G003-710,G003,G003,21,0.07216494530439377
G003-732,G003,G003,8,0.040816325694322586
G003-732,G003,G003,10,0.025510204024612904
G003-732,G003,G003,16,0.06185567006468773
G003-732,G003,G003,21,0.08163265138864517
G003-753,G003,G003,8,0.020408162847161293
G003-753,G003,G003,10,0.030612245202064514
G003-753,G003,G003,16,0.040816325694322586
G003-753,G003,G003,21,0.051020409911870956
G003-768,G003,G003,10,0.05154639109969139
G003-799,G003,G003,8,0.051020409911870956
G003-799,G003,G003,10,0.05638544075191021
G003-799,G003,G003,16,0.08163265138864517
G003-799,G003,G003,21,0.0824742242693901
G003-831,G003,G003,8,0.020408162847161293
G003-831,G003,G003,10,0.040816325694322586
G003-831,G003,G003,16,0.06122449040412903
G003-831,G003,G003,21,0.06185567006468773
PubID_005,G001,G001,4,0.02040816326530612
PubID_005,G001,G001,8,0.0
PubID_005,G001,G001,10,0.0
PubID_005,G001,G001,16,0.01020408163265306
PubID_009,G001,G001,4,0.0
PubID_009,G001,G001,8,0.0
PubID_009,G001,G001,10,0.01020408163265306
PubID_009,G001,G001,16,0.01020408163265306
PubID_014,G001,G001,4,0.0
PubID_014,G001,G001,8,0.0
PubID_014,G001,G001,10,0.01020408163265306
PubID_014,G001,G001,16,0.01020408163265306
PubID_023,G001,G001,4,0.01020408163265306
PubID_023,G001,G001,8,0.015306122448979591
PubID_023,G001,G001,10,0.02040816326530612
PubID_023,G001,G001,16,0.02040816326530612
PubID_032,G001,G001,4,0.01020408163265306
PubID_032,G001,G001,8,0.010310374149659863
PubID_032,G001,G001,10,0.04102671996633705
PubID_032,G001,G001,16,0.030770039974752788
PubID_036,G001,G001,4,0.0
PubID_036,G001,G001,8,0.030927835051546393
PubID_036,G001,G001,10,0.04081632653061224
PubID_036,G001,G001,16,0.030612244897959183
PubID_046,G001,G001,4,0.0
PubID_046,G001,G001,8,0.0
PubID_046,G001,G001,10,0.05102040816326531
PubID_046,G001,G001,16,0.07142857142857142
PubID_047,G001,G001,4,0.0
PubID_047,G001,G001,8,0.01020408163265306
PubID_047,G001,G001,10,0.035872080791079314
PubID_047,G001,G001,16,0.020618556701030927
PubID_051,G001,G001,4,0.01020408163265306
PubID_051,G001,G001,8,0.030612244897959183
PubID_051,G001,G001,10,0.04081632653061224
PubID_051,G001,G001,16,0.04081632653061224
PubID_056,G001,G001,4,0.01020408163265306
PubID_056,G001,G001,8,0.02040816326530612
PubID_056,G001,G001,10,0.02040816326530612
PubID_056,G001,G001,16,0.02040816326530612
PubID_060,G001,G001,4,0.0
PubID_060,G001,G001,8,0.030927835051546393
PubID_060,G001,G001,10,0.030612244897959183
PubID_060,G001,G001,16,0.04081632653061224
PubID_062,G001,G001,4,0.02040816326530612
PubID_062,G001,G001,8,0.01020408163265306
PubID_062,G001,G001,10,0.030927835051546393
PubID_062,G001,G001,16,0.05102040816326531
PubID_064,G001,G001,4,0.010256679991584262
PubID_064,G001,G001,8,0.020618556701030927
PubID_064,G001,G001,10,0.04081632653061224
PubID_064,G001,G001,16,0.04102671996633705
PubID_068,G001,G001,4,0.0
PubID_068,G001,G001,8,0.0
PubID_070,G001,G001,4,0.0
PubID_070,G001,G001,8,0.0
PubID_070,G001,G001,10,0.01020408163265306
PubID_070,G001,G001,16,0.01020408163265306
PubID_077,G001,G001,4,0.01020408163265306
PubID_077,G001,G001,8,0.015306122448979591
PubID_077,G001,G001,10,0.02040816326530612
PubID_077,G001,G001,16,0.030612244897959183
PubID_079,G001,G001,4,0.0
PubID_079,G001,G001,10,0.04097412160740585
PubID_079,G001,G001,16,0.030927835051546393
PubID_092,G001,G001,4,0.0
PubID_092,G001,G001,8,0.04081632653061224
PubID_092,G001,G001,10,0.05154639175257732
PubID_092,G001,G001,16,0.05638544077424784
PubID_100,G001,G001,4,0.0
PubID_100,G001,G001,8,0.00510204081632653
PubID_100,G001,G001,10,0.030612244897959183
PubID_100,G001,G001,16,0.030612244897959183
PubID_110,G001,G001,4,0.01020408163265306
PubID_110,G001,G001,8,0.0
PubID_110,G001,G001,10,0.01020408163265306
PubID_110,G001,G001,16,0.030612244897959183
PubID_112,G001,G001,4,0.0
PubID_112,G001,G001,8,0.0
PubID_112,G001,G001,10,0.01020408163265306
PubID_112,G001,G001,16,0.030612244897959183
PubID_113,G001,G001,4,0.0
PubID_113,G001,G001,8,0.02040816326530612
PubID_113,G001,G001,10,0.030612244897959183
PubID_113,G001,G001,16,0.030612244897959183
PubID_114,G001,G001,4,0.0
PubID_114,G001,G001,10,0.061224489795918366
PubID_116,G001,G001,4,0.0
PubID_116,G001,G001,8,0.015306122448979591
PubID_116,G001,G001,10,0.00510204081632653
PubID_116,G001,G001,16,0.030612244897959183
PubID_117,G001,G001,4,0.0
PubID_117,G001,G001,8,0.030612244897959183
PubID_117,G001,G001,10,0.025510204081632654
PubID_117,G001,G001,16,0.04081632653061224
PubID_151,G001,G001,4,0.010309278350515464
PubID_151,G001,G001,8,0.02040816326530612
PubID_151,G001,G001,10,0.04081632653061224
PubID_151,G001,G001,16,0.030927835051546393
PubID_153,G001,G001,4,0.0
PubID_153,G001,G001,8,0.030612244897959183
PubID_153,G001,G001,10,0.020618556701030927
PubID_153,G001,G001,16,0.01020408163265306
PubID_154,G001,G001,4,0.01020408163265306
PubID_154,G001,G001,8,0.015306122448979591
PubID_154,G001,G001,10,0.030927835051546393
PubID_154,G001,G001,16,0.03571428571428571
PubID_163,G001,G001,4,0.015306122448979591
PubID_163,G001,G001,8,0.020513359983168524
PubID_163,G001,G001,10,0.03592467915001052
PubID_163,G001,G001,16,0.041666666666666664
PubID_172,G001,G001,4,0.0
PubID_177,G001,G001,4,0.0
PubID_177,G001,G001,8,0.015306122448979591
PubID_177,G001,G001,10,0.020513359983168524
PubID_177,G001,G001,16,0.01020408163265306
PubID_187,G001,G001,4,0.0
PubID_187,G001,G001,8,0.0
PubID_187,G001,G001,10,0.04081632653061224
PubID_187,G001,G001,16,0.025720597517357457
PubID_191,G001,G001,4,0.02040816326530612
PubID_191,G001,G001,8,0.030612244897959183
PubID_191,G001,G001,10,0.030612244897959183
PubID_191,G001,G001,16,0.030612244897959183
PubID_193,G001,G001,4,0.01020408163265306
PubID_193,G001,G001,8,0.010309278350515464
PubID_193,G001,G001,10,0.04081632653061224
PubID_193,G001,G001,16,0.05102040816326531
